{
  "Basal": {
    "precision": 0.9702970297029703,
    "recall": 0.92018779342723,
    "f1-score": 0.944578313253012,
    "support": 213.0
  },
  "Her2": {
    "precision": 0.9,
    "recall": 0.7912087912087912,
    "f1-score": 0.8421052631578947,
    "support": 91.0
  },
  "LumA": {
    "precision": 0.7647058823529411,
    "recall": 0.9637223974763407,
    "f1-score": 0.8527564549895325,
    "support": 634.0
  },
  "LumB": {
    "precision": 0.8148148148148148,
    "recall": 0.4721030042918455,
    "f1-score": 0.5978260869565217,
    "support": 233.0
  },
  "Normal": {
    "precision": 1.0,
    "recall": 0.07142857142857142,
    "f1-score": 0.13333333333333333,
    "support": 42.0
  },
  "nan": {
    "precision": 1.0,
    "recall": 0.5384615384615384,
    "f1-score": 0.7,
    "support": 13.0
  },
  "accuracy": 0.8148450244698205,
  "macro avg": {
    "precision": 0.9083029544784544,
    "recall": 0.6261853493823862,
    "f1-score": 0.6784332419483823,
    "support": 1226.0
  },
  "weighted avg": {
    "precision": 0.8305453903673322,
    "recall": 0.8148450244698205,
    "f1-score": 0.7932037768307448,
    "support": 1226.0
  }
}