{
  "selected_count": 71,
  "selected_features": [
    "ENSG00000170935",
    "ENSG00000287914",
    "ENSG00000254290",
    "ENSG00000229807",
    "ENSG00000232400",
    "ENSG00000183888",
    "ENSG00000233823",
    "ENSG00000160182",
    "ENSG00000230393",
    "ENSG00000200385",
    "ENSG00000251169",
    "ENSG00000082175",
    "ENSG00000257271",
    "ENSG00000224853",
    "ENSG00000154198",
    "ENSG00000171428",
    "ENSG00000172425",
    "ENSG00000256612",
    "ENSG00000253125",
    "ENSG00000204019",
    "ENSG00000115255",
    "ENSG00000253768",
    "ENSG00000260009",
    "ENSG00000130045",
    "ENSG00000286208",
    "ENSG00000259793",
    "ENSG00000280916",
    "ENSG00000116176",
    "ENSG00000283526",
    "ENSG00000249346",
    "ENSG00000223808",
    "ENSG00000225208",
    "ENSG00000243478",
    "ENSG00000215369",
    "ENSG00000260710",
    "ENSG00000164438",
    "ENSG00000173335",
    "ENSG00000285587",
    "ENSG00000186910",
    "ENSG00000105173",
    "ENSG00000279685",
    "ENSG00000197308",
    "ENSG00000207422",
    "ENSG00000203760",
    "ENSG00000234918",
    "ENSG00000112238",
    "ENSG00000225449",
    "ENSG00000286995",
    "ENSG00000254416",
    "ENSG00000271850",
    "ENSG00000203985",
    "ENSG00000154548",
    "ENSG00000103355",
    "ENSG00000252621",
    "ENSG00000166535",
    "ENSG00000254042",
    "ENSG00000228613",
    "ENSG00000249203",
    "ENSG00000205325",
    "ENSG00000253959",
    "ENSG00000105695",
    "ENSG00000187772",
    "ENSG00000254607",
    "ENSG00000229544",
    "ENSG00000152192",
    "ENSG00000148513",
    "ENSG00000230090",
    "ENSG00000258314",
    "ENSG00000282728",
    "ENSG00000286379",
    "ENSG00000287313"
  ],
  "cv_results_summary": {
    "random_forest": {
      "accuracy": 0.799347471451876,
      "macro_f1": 0.5334237568549309,
      "report": {
        "Basal": {
          "precision": 0.9556650246305419,
          "recall": 0.9107981220657277,
          "f1-score": 0.9326923076923077,
          "support": 213.0
        },
        "Her2": {
          "precision": 0.8461538461538461,
          "recall": 0.7252747252747253,
          "f1-score": 0.7810650887573964,
          "support": 91.0
        },
        "LumA": {
          "precision": 0.7648546144121365,
          "recall": 0.9542586750788643,
          "f1-score": 0.8491228070175438,
          "support": 634.0
        },
        "LumB": {
          "precision": 0.75,
          "recall": 0.4892703862660944,
          "f1-score": 0.5922077922077922,
          "support": 233.0
        },
        "Normal": {
          "precision": 0.5,
          "recall": 0.023809523809523808,
          "f1-score": 0.045454545454545456,
          "support": 42.0
        },
        "nan": {
          "precision": 0.0,
          "recall": 0.0,
          "f1-score": 0.0,
          "support": 13.0
        },
        "accuracy": 0.799347471451876,
        "macro avg": {
          "precision": 0.6361122475327541,
          "recall": 0.5172352387491559,
          "f1-score": 0.5334237568549309,
          "support": 1226.0
        },
        "weighted avg": {
          "precision": 0.7840330145053833,
          "recall": 0.799347471451876,
          "f1-score": 0.7732281816949542,
          "support": 1226.0
        }
      }
    },
    "svc": {
      "accuracy": 0.7626427406199021,
      "macro_f1": 0.5000063209662798,
      "report": {
        "Basal": {
          "precision": 0.9556650246305419,
          "recall": 0.9107981220657277,
          "f1-score": 0.9326923076923077,
          "support": 213.0
        },
        "Her2": {
          "precision": 0.8311688311688312,
          "recall": 0.7032967032967034,
          "f1-score": 0.7619047619047619,
          "support": 91.0
        },
        "LumA": {
          "precision": 0.7243047158403869,
          "recall": 0.944794952681388,
          "f1-score": 0.8199863107460643,
          "support": 634.0
        },
        "LumB": {
          "precision": 0.6581196581196581,
          "recall": 0.33047210300429186,
          "f1-score": 0.44,
          "support": 233.0
        },
        "Normal": {
          "precision": 0.5,
          "recall": 0.023809523809523808,
          "f1-score": 0.045454545454545456,
          "support": 42.0
        },
        "nan": {
          "precision": 0.0,
          "recall": 0.0,
          "f1-score": 0.0,
          "support": 13.0
        },
        "accuracy": 0.7626427406199021,
        "macro avg": {
          "precision": 0.6115430382932364,
          "recall": 0.48552856747627243,
          "f1-score": 0.5000063209662798,
          "support": 1226.0
        },
        "weighted avg": {
          "precision": 0.7444894649815291,
          "recall": 0.7626427406199021,
          "f1-score": 0.7278117510553757,
          "support": 1226.0
        }
      }
    }
  },
  "label_mapping": {
    "0": "Basal",
    "1": "Her2",
    "2": "LumA",
    "3": "LumB",
    "4": "Normal",
    "5": "nan"
  }
}