{
  "selected_count": 73,
  "selected_features": [
    "ENSG00000170935",
    "ENSG00000287914",
    "ENSG00000225362",
    "ENSG00000254290",
    "ENSG00000232400",
    "ENSG00000183888",
    "ENSG00000233823",
    "ENSG00000160182",
    "ENSG00000230393",
    "ENSG00000200385",
    "ENSG00000082175",
    "ENSG00000251169",
    "ENSG00000224853",
    "ENSG00000171428",
    "ENSG00000154198",
    "ENSG00000257271",
    "ENSG00000172425",
    "ENSG00000256612",
    "ENSG00000115255",
    "ENSG00000253125",
    "ENSG00000204019",
    "ENSG00000253768",
    "ENSG00000259793",
    "ENSG00000260009",
    "ENSG00000130045",
    "ENSG00000286208",
    "ENSG00000280916",
    "ENSG00000283526",
    "ENSG00000116176",
    "ENSG00000225208",
    "ENSG00000249346",
    "ENSG00000223808",
    "ENSG00000243478",
    "ENSG00000215369",
    "ENSG00000260710",
    "ENSG00000164438",
    "ENSG00000186910",
    "ENSG00000173335",
    "ENSG00000285587",
    "ENSG00000105173",
    "ENSG00000197308",
    "ENSG00000279685",
    "ENSG00000207422",
    "ENSG00000203760",
    "ENSG00000234918",
    "ENSG00000286995",
    "ENSG00000112238",
    "ENSG00000203985",
    "ENSG00000225449",
    "ENSG00000271850",
    "ENSG00000252621",
    "ENSG00000254416",
    "ENSG00000154548",
    "ENSG00000103355",
    "ENSG00000228613",
    "ENSG00000254042",
    "ENSG00000249203",
    "ENSG00000253959",
    "ENSG00000166535",
    "ENSG00000187772",
    "ENSG00000148513",
    "ENSG00000105695",
    "ENSG00000254607",
    "ENSG00000205325",
    "ENSG00000230090",
    "ENSG00000258314",
    "ENSG00000152192",
    "ENSG00000282728",
    "ENSG00000286379",
    "ENSG00000229544",
    "ENSG00000196090",
    "ENSG00000251141",
    "ENSG00000287313"
  ],
  "cv_results_summary": {
    "random_forest": {
      "accuracy": 0.8128606760098929,
      "macro_f1": 0.6399601997691803,
      "report": {
        "Basal": {
          "precision": 0.9560975609756097,
          "recall": 0.92018779342723,
          "f1-score": 0.937799043062201,
          "support": 213.0
        },
        "Her2": {
          "precision": 0.8589743589743589,
          "recall": 0.7362637362637363,
          "f1-score": 0.7928994082840237,
          "support": 91.0
        },
        "LumA": {
          "precision": 0.7759282970550576,
          "recall": 0.9558359621451105,
          "f1-score": 0.8565371024734982,
          "support": 634.0
        },
        "LumB": {
          "precision": 0.785234899328859,
          "recall": 0.5021459227467812,
          "f1-score": 0.612565445026178,
          "support": 233.0
        },
        "Normal": {
          "precision": 0.0,
          "recall": 0.0,
          "f1-score": 0.0,
          "support": 42.0
        },
        "accuracy": 0.8128606760098929,
        "macro avg": {
          "precision": 0.6752470232667771,
          "recall": 0.6228866829165717,
          "f1-score": 0.6399601997691803,
          "support": 1213.0
        },
        "weighted avg": {
          "precision": 0.7887169983767536,
          "recall": 0.8128606760098929,
          "f1-score": 0.7895113882814446,
          "support": 1213.0
        }
      }
    },
    "svc": {
      "accuracy": 0.7765869744435284,
      "macro_f1": 0.6108427028636422,
      "report": {
        "Basal": {
          "precision": 0.9603960396039604,
          "recall": 0.9107981220657277,
          "f1-score": 0.9349397590361446,
          "support": 213.0
        },
        "Her2": {
          "precision": 0.8395061728395061,
          "recall": 0.7472527472527473,
          "f1-score": 0.7906976744186046,
          "support": 91.0
        },
        "LumA": {
          "precision": 0.7338217338217338,
          "recall": 0.9479495268138801,
          "f1-score": 0.8272539573296628,
          "support": 634.0
        },
        "LumB": {
          "precision": 0.7090909090909091,
          "recall": 0.33476394849785407,
          "f1-score": 0.45481049562682213,
          "support": 233.0
        },
        "Normal": {
          "precision": 1.0,
          "recall": 0.023809523809523808,
          "f1-score": 0.046511627906976744,
          "support": 42.0
        },
        "accuracy": 0.7765869744435284,
        "macro avg": {
          "precision": 0.8485629710712217,
          "recall": 0.5929147736879467,
          "f1-score": 0.6108427028636422,
          "support": 1213.0
        },
        "weighted avg": {
          "precision": 0.7860021263192084,
          "recall": 0.7765869744435284,
          "f1-score": 0.7448466610444686,
          "support": 1213.0
        }
      }
    }
  },
  "label_mapping": {
    "0": "Basal",
    "1": "Her2",
    "2": "LumA",
    "3": "LumB",
    "4": "Normal"
  }
}