{
  "Basal": {
    "precision": 0.9702970297029703,
    "recall": 0.92018779342723,
    "f1-score": 0.944578313253012,
    "support": 213.0
  },
  "Her2": {
    "precision": 0.9,
    "recall": 0.7912087912087912,
    "f1-score": 0.8421052631578947,
    "support": 91.0
  },
  "LumA": {
    "precision": 0.76625,
    "recall": 0.9668769716088328,
    "f1-score": 0.8549511854951185,
    "support": 634.0
  },
  "LumB": {
    "precision": 0.8203125,
    "recall": 0.45064377682403434,
    "f1-score": 0.5817174515235457,
    "support": 233.0
  },
  "Normal": {
    "precision": 1.0,
    "recall": 0.07142857142857142,
    "f1-score": 0.13333333333333333,
    "support": 42.0
  },
  "accuracy": 0.8153338829348722,
  "macro avg": {
    "precision": 0.891371905940594,
    "recall": 0.6400691808994919,
    "f1-score": 0.6713371093525808,
    "support": 1213.0
  },
  "weighted avg": {
    "precision": 0.8305923988678753,
    "recall": 0.8153338829348722,
    "f1-score": 0.7922555461493416,
    "support": 1213.0
  }
}